id,transaction_id,service_name,price,quantity
158eb7fc-4b52-40ec-a752-f93cb8aa9c19,985532f2-a4e2-446e-9123-4f0d5615f475,PLAN,1800.00,1
24fa203e-9755-4a9a-b07b-a68eb58e5e62,906884b7-8373-4dc2-812d-d242a1110eee,PLAN,1800.00,1
3ce2d467-0b66-49a3-b816-fbcc44fe596f,d44cc9b8-9c55-47f4-be1e-658d6466c00d,PLAN,1800.00,1
5788f4a5-336e-4065-9e42-fb2b8b8f0fa4,2f600472-08cf-4767-8d62-f20a01042ebc,PLAN,1800.00,1
7531b19e-5143-489d-ba65-677d60a18a50,b525502a-5b23-4a4b-a8a2-f5f10ae24ddc,PLAN,1800.00,1
7ff956b9-2e5c-4992-a2ea-7e5bee3556c2,d8fc7898-a600-49f4-9584-f1a07e7e0c13,PLAN,1800.00,1
ab348220-7358-4404-abf5-edeb5bf6abc7,99452bc7-12dc-4c49-a5fb-2b42f738b68f,PLAN,1800.00,1
b9a41e63-3174-4021-97c9-b3a6dde43731,e98756db-9bcb-43bb-b072-e2aad8d3ad74,PLAN,1800.00,1
ba76cebd-d91d-4c65-ad91-40a552961cd4,ea71b123-25df-482c-aac8-4f226f8b0768,Membership: membership,250.00,1
c3699b07-6287-422f-898c-d93172bd1cd0,8b7c4686-b774-4eca-8b6f-28eaa80298c0,PLAN,1800.00,1
